{
  "products": {
    "id": "products",
    "name_pt": "Produtos",
    "name_en": "Products",
    "name_es": "Productos",
    "children": [
      {
        "id": "alimentos-bebidas",
        "name_pt": "Alimentos e Bebidas",
        "name_en": "Food & Drinks",
        "name_es": "Alimentos y Bebidas",
        "level": 1,
        "children": [
          {
            "id": "comidas-frescas",
            "name_pt": "Comidas Frescas",
            "name_en": "Fresh Foods",
            "name_es": "Comidas Frescas",
            "level": 2,
            "children": [
              {
                "id": "frutas-verduras",
                "name_pt": "Frutas e Verduras",
                "name_en": "Fruits & Vegetables",
                "name_es": "Frutas y Verduras",
                "level": 3,
                "children": [
                  {"id": "frutas-tropicais", "name_pt": "Frutas Tropicais", "name_en": "Tropical Fruits", "name_es": "Frutas Tropicales", "level": 4, "children": []},
                  {"id": "verduras-organicas", "name_pt": "Verduras Orgânicas", "name_en": "Organic Vegetables", "name_es": "Verduras Orgánicas", "level": 4, "children": []}
                ]
              },
              {
                "id": "carnes-peixes",
                "name_pt": "Carnes e Peixes",
                "name_en": "Meat & Fish",
                "name_es": "Carnes y Pescados",
                "level": 3,
                "children": [
                  {"id": "carnes-bovinas", "name_pt": "Carnes Bovinas", "name_en": "Beef", "name_es": "Carne de Res", "level": 4, "children": []},
                  {"id": "peixes-frescos", "name_pt": "Peixes Frescos", "name_en": "Fresh Fish", "name_es": "Pescados Frescos", "level": 4, "children": []}
                ]
              },
              {"id": "padarias-confeitarias", "name_pt": "Padarias e Confeitarias", "name_en": "Bakeries & Pastry", "name_es": "Panaderías y Pastelerías", "level": 3, "children": []},
              {"id": "produtos-organicos", "name_pt": "Produtos Orgânicos", "name_en": "Organic Products", "name_es": "Productos Orgánicos", "level": 3, "children": []}
            ]
          },
          {
            "id": "bebidas-alcoolicas",
            "name_pt": "Bebidas Alcoólicas",
            "name_en": "Alcoholic Drinks",
            "name_es": "Bebidas Alcohólicas",
            "level": 2,
            "children": [
              {
                "id": "cervejas",
                "name_pt": "Cervejas",
                "name_en": "Beer",
                "name_es": "Cervezas",
                "level": 3,
                "children": [
                  {"id": "cervejas-artesanais", "name_pt": "Cervejas Artesanais", "name_en": "Craft Beer", "name_es": "Cervezas Artesanales", "level": 4, "children": []},
                  {"id": "cervejas-importadas", "name_pt": "Cervejas Importadas", "name_en": "Imported Beer", "name_es": "Cervezas Importadas", "level": 4, "children": []}
                ]
              },
              {"id": "vinhos", "name_pt": "Vinhos", "name_en": "Wine", "name_es": "Vinos", "level": 3, "children": []},
              {"id": "destilados", "name_pt": "Destilados", "name_en": "Spirits", "name_es": "Destilados", "level": 3, "children": []}
            ]
          },
          {
            "id": "comidas-industrializadas",
            "name_pt": "Comidas Industrializadas",
            "name_en": "Processed Foods",
            "name_es": "Comidas Industrializadas",
            "level": 2,
            "children": [
              {"id": "enlatados", "name_pt": "Enlatados", "name_en": "Canned", "name_es": "Enlatados", "level": 3, "children": []},
              {"id": "congelados", "name_pt": "Congelados", "name_en": "Frozen", "name_es": "Congelados", "level": 3, "children": []},
              {"id": "snacks", "name_pt": "Snacks", "name_en": "Snacks", "name_es": "Snacks", "level": 3, "children": []},
              {"id": "bebidas-nao-alcoolicas", "name_pt": "Bebidas Não Alcoólicas", "name_en": "Non-alcoholic Drinks", "name_es": "Bebidas sin Alcohol", "level": 3, "children": []}
            ]
          }
        ]
      },
      {
        "id": "moda-acessorios",
        "name_pt": "Moda e Acessórios",
        "name_en": "Fashion & Accessories",
        "name_es": "Moda y Accesorios",
        "level": 1,
        "children": [
          {
            "id": "roupas",
            "name_pt": "Roupas",
            "name_en": "Clothing",
            "name_es": "Ropa",
            "level": 2,
            "children": [
              {
                "id": "masculinas",
                "name_pt": "Masculinas",
                "name_en": "Men",
                "name_es": "Hombre",
                "level": 3,
                "children": [
                  {"id": "camisas-masculinas", "name_pt": "Camisas", "name_en": "Shirts", "name_es": "Camisas", "level": 4, "children": []},
                  {"id": "calcas-masculinas", "name_pt": "Calças", "name_en": "Pants", "name_es": "Pantalones", "level": 4, "children": []}
                ]
              },
              {
                "id": "femininas",
                "name_pt": "Femininas",
                "name_en": "Women",
                "name_es": "Mujer",
                "level": 3,
                "children": [
                  {"id": "vestidos", "name_pt": "Vestidos", "name_en": "Dresses", "name_es": "Vestidos", "level": 4, "children": []},
                  {"id": "blusas-femininas", "name_pt": "Blusas", "name_en": "Blouses", "name_es": "Blusas", "level": 4, "children": []}
                ]
              },
              {"id": "infantis", "name_pt": "Infantis", "name_en": "Kids", "name_es": "Niños", "level": 3, "children": []}
            ]
          },
          {
            "id": "calcados",
            "name_pt": "Calçados",
            "name_en": "Footwear",
            "name_es": "Calzado",
            "level": 2,
            "children": [
              {"id": "tenis", "name_pt": "Tênis", "name_en": "Sneakers", "name_es": "Zapatillas", "level": 3, "children": []},
              {"id": "sapatos-sociais", "name_pt": "Sapatos Sociais", "name_en": "Dress Shoes", "name_es": "Zapatos de Vestir", "level": 3, "children": []},
              {"id": "sandalias-chinelos", "name_pt": "Sandálias e Chinelos", "name_en": "Sandals & Flip-flops", "name_es": "Sandalias y Chanclas", "level": 3, "children": []}
            ]
          },
          {
            "id": "acessorios",
            "name_pt": "Acessórios",
            "name_en": "Accessories",
            "name_es": "Accesorios",
            "level": 2,
            "children": [
              {"id": "bolsas", "name_pt": "Bolsas", "name_en": "Bags", "name_es": "Bolsos", "level": 3, "children": []},
              {"id": "joias", "name_pt": "Joias", "name_en": "Jewelry", "name_es": "Joyas", "level": 3, "children": []},
              {"id": "relogios", "name_pt": "Relógios", "name_en": "Watches", "name_es": "Relojes", "level": 3, "children": []}
            ]
          }
        ]
      },
      {
        "id": "tecnologia",
        "name_pt": "Tecnologia",
        "name_en": "Technology",
        "name_es": "Tecnología",
        "level": 1,
        "children": [
          {
            "id": "eletronicos",
            "name_pt": "Eletrônicos",
            "name_en": "Electronics",
            "name_es": "Electrónica",
            "level": 2,
            "children": [
              {
                "id": "celulares",
                "name_pt": "Celulares",
                "name_en": "Phones",
                "name_es": "Celulares",
                "level": 3,
                "children": [
                  {"id": "smartphones-android", "name_pt": "Smartphones Android", "name_en": "Android Smartphones", "name_es": "Smartphones Android", "level": 4, "children": []},
                  {"id": "smartphones-ios", "name_pt": "Smartphones iOS", "name_en": "iOS Smartphones", "name_es": "Smartphones iOS", "level": 4, "children": []}
                ]
              },
              {
                "id": "computadores",
                "name_pt": "Computadores",
                "name_en": "Computers",
                "name_es": "Computadoras",
                "level": 3,
                "children": [
                  {"id": "notebooks", "name_pt": "Notebooks", "name_en": "Laptops", "name_es": "Portátiles", "level": 4, "children": []},
                  {"id": "desktops", "name_pt": "Desktops", "name_en": "Desktops", "name_es": "Computadoras de Escritorio", "level": 4, "children": []}
                ]
              },
              {"id": "tablets", "name_pt": "Tablets", "name_en": "Tablets", "name_es": "Tablets", "level": 3, "children": []},
              {"id": "tvs", "name_pt": "TVs", "name_en": "TVs", "name_es": "TVs", "level": 3, "children": []}
            ]
          },
          {
            "id": "acessorios-tec",
            "name_pt": "Acessórios",
            "name_en": "Accessories",
            "name_es": "Accesorios",
            "level": 2,
            "children": [
              {"id": "fones-ouvido", "name_pt": "Fones de Ouvido", "name_en": "Headphones", "name_es": "Auriculares", "level": 3, "children": []},
              {"id": "carregadores", "name_pt": "Carregadores", "name_en": "Chargers", "name_es": "Cargadores", "level": 3, "children": []},
              {"id": "capinhas", "name_pt": "Capinhas", "name_en": "Cases", "name_es": "Fundas", "level": 3, "children": []}
            ]
          }
        ]
      },
      {
        "id": "casa-decoracao",
        "name_pt": "Casa e Decoração",
        "name_en": "Home & Decor",
        "name_es": "Casa y Decoración",
        "level": 1,
        "children": [
          {
            "id": "moveis",
            "name_pt": "Móveis",
            "name_en": "Furniture",
            "name_es": "Muebles",
            "level": 2,
            "children": [
              {"id": "sala", "name_pt": "Sala", "name_en": "Living Room", "name_es": "Sala", "level": 3, "children": []},
              {"id": "quarto", "name_pt": "Quarto", "name_en": "Bedroom", "name_es": "Dormitorio", "level": 3, "children": []},
              {"id": "cozinha", "name_pt": "Cozinha", "name_en": "Kitchen", "name_es": "Cocina", "level": 3, "children": []}
            ]
          },
          {
            "id": "decoracao",
            "name_pt": "Decoração",
            "name_en": "Decoration",
            "name_es": "Decoración",
            "level": 2,
            "children": [
              {"id": "quadros", "name_pt": "Quadros", "name_en": "Frames", "name_es": "Cuadros", "level": 3, "children": []},
              {"id": "tapetes", "name_pt": "Tapetes", "name_en": "Rugs", "name_es": "Alfombras", "level": 3, "children": []},
              {"id": "cortinas", "name_pt": "Cortinas", "name_en": "Curtains", "name_es": "Cortinas", "level": 3, "children": []}
            ]
          }
        ]
      }
    ]
  },
  "services": {
    "id": "services",
    "name_pt": "Serviços",
    "name_en": "Services",
    "name_es": "Servicios",
    "children": [
      {
        "id": "casa-reformas",
        "name_pt": "Casa e Reformas",
        "name_en": "Home & Renovations",
        "name_es": "Casa y Reformas",
        "level": 1,
        "children": [
          {
            "id": "manutencao",
            "name_pt": "Manutenção",
            "name_en": "Maintenance",
            "name_es": "Mantenimiento",
            "level": 2,
            "children": [
              {
                "id": "eletricista",
                "name_pt": "Eletricista",
                "name_en": "Electrician",
                "name_es": "Electricista",
                "level": 3,
                "children": [
                  {"id": "eletricista-residencial", "name_pt": "Residencial", "name_en": "Residential", "name_es": "Residencial", "level": 4, "children": []},
                  {"id": "eletricista-comercial", "name_pt": "Comercial", "name_en": "Commercial", "name_es": "Comercial", "level": 4, "children": []}
                ]
              },
              {
                "id": "encanador",
                "name_pt": "Encanador",
                "name_en": "Plumber",
                "name_es": "Fontanero",
                "level": 3,
                "children": [
                  {"id": "encanador-emergencia", "name_pt": "Emergência", "name_en": "Emergency", "name_es": "Emergencia", "level": 4, "children": []},
                  {"id": "encanador-instalacao", "name_pt": "Instalação", "name_en": "Installation", "name_es": "Instalación", "level": 4, "children": []}
                ]
              },
              {"id": "pintor", "name_pt": "Pintor", "name_en": "Painter", "name_es": "Pintor", "level": 3, "children": []},
              {"id": "marceneiro", "name_pt": "Marceneiro", "name_en": "Carpenter", "name_es": "Carpintero", "level": 3, "children": []}
            ]
          },
          {
            "id": "reformas",
            "name_pt": "Reformas",
            "name_en": "Renovations",
            "name_es": "Reformas",
            "level": 2,
            "children": [
              {"id": "reforma-completa", "name_pt": "Reforma Completa", "name_en": "Complete Renovation", "name_es": "Reforma Completa", "level": 3, "children": []},
              {"id": "pequenos-reparos", "name_pt": "Pequenos Reparos", "name_en": "Small Repairs", "name_es": "Pequeñas Reparaciones", "level": 3, "children": []}
            ]
          }
        ]
      },
      {
        "id": "beleza-bem-estar",
        "name_pt": "Beleza e Bem-estar",
        "name_en": "Beauty & Wellness",
        "name_es": "Belleza y Bienestar",
        "level": 1,
        "children": [
          {
            "id": "pessoais",
            "name_pt": "Pessoais",
            "name_en": "Personal",
            "name_es": "Personales",
            "level": 2,
            "children": [
              {
                "id": "cabeleireiro",
                "name_pt": "Cabeleireiro",
                "name_en": "Hairdresser",
                "name_es": "Peluquero",
                "level": 3,
                "children": [
                  {"id": "corte-cabelo", "name_pt": "Corte de Cabelo", "name_en": "Haircut", "name_es": "Corte de Pelo", "level": 4, "children": []},
                  {"id": "coloracao", "name_pt": "Coloração", "name_en": "Hair Coloring", "name_es": "Coloración", "level": 4, "children": []}
                ]
              },
              {"id": "manicure", "name_pt": "Manicure", "name_en": "Manicure", "name_es": "Manicura", "level": 3, "children": []},
              {"id": "massagista", "name_pt": "Massagista", "name_en": "Masseur", "name_es": "Masajista", "level": 3, "children": []}
            ]
          },
          {
            "id": "estetica",
            "name_pt": "Estética",
            "name_en": "Aesthetics",
            "name_es": "Estética",
            "level": 2,
            "children": [
              {"id": "limpeza-pele", "name_pt": "Limpeza de Pele", "name_en": "Skin Cleansing", "name_es": "Limpieza de Piel", "level": 3, "children": []},
              {"id": "depilacao", "name_pt": "Depilação", "name_en": "Hair Removal", "name_es": "Depilación", "level": 3, "children": []}
            ]
          }
        ]
      },
      {
        "id": "eventos-entretenimento",
        "name_pt": "Eventos e Entretenimento",
        "name_en": "Events & Entertainment",
        "name_es": "Eventos y Entretenimiento",
        "level": 1,
        "children": [
          {
            "id": "festas",
            "name_pt": "Festas",
            "name_en": "Parties",
            "name_es": "Fiestas",
            "level": 2,
            "children": [
              {"id": "fotografo", "name_pt": "Fotógrafo", "name_en": "Photographer", "name_es": "Fotógrafo", "level": 3, "children": []},
              {"id": "filmagem", "name_pt": "Filmagem", "name_en": "Filming", "name_es": "Filmación", "level": 3, "children": []},
              {"id": "dj", "name_pt": "DJ", "name_en": "DJ", "name_es": "DJ", "level": 3, "children": []},
              {"id": "animador-festas", "name_pt": "Animador de Festas", "name_en": "Party Entertainer", "name_es": "Animador de Fiestas", "level": 3, "children": []}
            ]
          },
          {
            "id": "artesanato",
            "name_pt": "Artesanato",
            "name_en": "Handicraft",
            "name_es": "Artesanía",
            "level": 2,
            "children": [
              {"id": "costureira", "name_pt": "Costureira", "name_en": "Seamstress", "name_es": "Costurera", "level": 3, "children": []},
              {"id": "marcenaria", "name_pt": "Marcenaria", "name_en": "Carpentry", "name_es": "Carpintería", "level": 3, "children": []},
              {"id": "design-personalizado", "name_pt": "Design Personalizado", "name_en": "Custom Design", "name_es": "Diseño Personalizado", "level": 3, "children": []}
            ]
          }
        ]
      },
      {
        "id": "transporte-logistica",
        "name_pt": "Transporte e Logística",
        "name_en": "Transport & Logistics",
        "name_es": "Transporte y Logística",
        "level": 1,
        "children": [
          {
            "id": "pessoas",
            "name_pt": "Pessoas",
            "name_en": "People",
            "name_es": "Personas",
            "level": 2,
            "children": [
              {"id": "taxi-mototaxi", "name_pt": "Taxi e Mototáxi", "name_en": "Taxi & Mototaxi", "name_es": "Taxi y Mototaxi", "level": 3, "children": []},
              {"id": "motorista-particular", "name_pt": "Motorista Particular", "name_en": "Private Driver", "name_es": "Conductor Privado", "level": 3, "children": []},
              {"id": "transporte-escolar", "name_pt": "Transporte Escolar", "name_en": "School Transport", "name_es": "Transporte Escolar", "level": 3, "children": []}
            ]
          },
          {
            "id": "mercadorias",
            "name_pt": "Mercadorias",
            "name_en": "Goods",
            "name_es": "Mercancías",
            "level": 2,
            "children": [
              {"id": "frete", "name_pt": "Frete", "name_en": "Freight", "name_es": "Flete", "level": 3, "children": []},
              {"id": "mudancas", "name_pt": "Mudanças", "name_en": "Moving", "name_es": "Mudanzas", "level": 3, "children": []},
              {"id": "entrega-rapida", "name_pt": "Entrega Rápida", "name_en": "Express Delivery", "name_es": "Entrega Rápida", "level": 3, "children": []}
            ]
          }
        ]
      }
    ]
  }
}