{
  "categoryId": "tecnologia-eletronicos-celulares-smartphones-android",
  "version": "1.0.0",
  "inheritsFrom": "tecnologia-eletronicos-celulares",
  "jsonSchema": {
    "type": "object",
    "properties": {
      "marca": {"type": "string", "enum": ["Samsung", "Xiaomi", "Motorola", "LG", "Asus", "OnePlus", "Realme", "Oppo", "Vivo"]},
      "modelo": {"type": "string"},
      "armazenamentoGB": {"type": "integer", "minimum": 16, "enum": [16, 32, 64, 128, 256, 512, 1024]},
      "ramGB": {"type": "integer", "minimum": 2, "enum": [2, 3, 4, 6, 8, 12, 16]},
      "dualSim": {"type": "boolean"},
      "rede": {"type": "string", "enum": ["4G", "5G"]},
      "bateriaMah": {"type": "integer", "minimum": 2000, "maximum": 10000},
      "telaPolegadas": {"type": "number", "minimum": 4.0, "maximum": 8.0},
      "cameraMegapixels": {"type": "integer", "minimum": 8},
      "androidVersion": {"type": "string"},
      "processador": {"type": "string"},
      "condicao": {"type": "string", "enum": ["Novo", "Usado", "Recondicionado", "Com Defeito"]},
      "cor": {"type": "string"}
    },
    "required": ["marca", "modelo", "armazenamentoGB", "ramGB", "rede", "condicao"]
  },
  "uiSchema": {
    "armazenamentoGB": {"widget": "select", "unit": "GB"},
    "ramGB": {"widget": "select", "unit": "GB"},
    "bateriaMah": {"widget": "number", "unit": "mAh"},
    "telaPolegadas": {"widget": "number", "unit": "\""},
    "cameraMegapixels": {"widget": "number", "unit": "MP"},
    "dualSim": {"widget": "checkbox"},
    "condicao": {"widget": "radio"}
  },
  "indexHints": ["marca", "modelo", "armazenamentoGB", "ramGB", "rede", "processador", "condicao", "androidVersion"]
}